{"errors":[],"warnings":[],"namedChunkGroups":{"app":{"chunks":[6,0,2],"assets":["webpack-runtime-3927a5d5b752d8c4558d.js","webpack-runtime-3927a5d5b752d8c4558d.js.map","styles.8c352b3eb7b52760d591.css","styles-ada194436a6107bd8beb.js","styles-ada194436a6107bd8beb.js.map","app-6f764b075e69b9096bcb.js","app-6f764b075e69b9096bcb.js.map"],"children":{},"childAssets":{}},"component---src-pages-404-js":{"chunks":[1,3],"assets":["1-c4f23132b74dedad3328.js","1-c4f23132b74dedad3328.js.map","component---src-pages-404-js-36a9792d3939e94e75ea.js","component---src-pages-404-js-36a9792d3939e94e75ea.js.map"],"children":{},"childAssets":{}},"component---src-pages-index-in-dev-js":{"chunks":[0,1,4],"assets":["styles.8c352b3eb7b52760d591.css","styles-ada194436a6107bd8beb.js","styles-ada194436a6107bd8beb.js.map","1-c4f23132b74dedad3328.js","1-c4f23132b74dedad3328.js.map","component---src-pages-index-in-dev-js-a991e5bceea0d8146807.js","component---src-pages-index-in-dev-js-a991e5bceea0d8146807.js.map"],"children":{},"childAssets":{}},"component---src-pages-index-js":{"chunks":[0,1,5],"assets":["styles.8c352b3eb7b52760d591.css","styles-ada194436a6107bd8beb.js","styles-ada194436a6107bd8beb.js.map","1-c4f23132b74dedad3328.js","1-c4f23132b74dedad3328.js.map","component---src-pages-index-js-873bc83f0111b2298e60.js","component---src-pages-index-js-873bc83f0111b2298e60.js.map"],"children":{},"childAssets":{}}},"assetsByChunkName":{"app":["webpack-runtime-3927a5d5b752d8c4558d.js","styles.8c352b3eb7b52760d591.css","styles-ada194436a6107bd8beb.js","app-6f764b075e69b9096bcb.js"],"component---src-pages-404-js":["1-c4f23132b74dedad3328.js","component---src-pages-404-js-36a9792d3939e94e75ea.js"],"component---src-pages-index-in-dev-js":["styles.8c352b3eb7b52760d591.css","styles-ada194436a6107bd8beb.js","1-c4f23132b74dedad3328.js","component---src-pages-index-in-dev-js-a991e5bceea0d8146807.js"],"component---src-pages-index-js":["styles.8c352b3eb7b52760d591.css","styles-ada194436a6107bd8beb.js","1-c4f23132b74dedad3328.js","component---src-pages-index-js-873bc83f0111b2298e60.js"]}}